{"cameraMode":{"drawMode":0,"name":"Shaded","section":"Shading Mode"},"sceneLighting":true,"audioPlay":false,"sceneViewState":{"showFog":true,"showMaterialUpdate":false,"showSkybox":true,"showFlares":true,"showImageEffects":true,"showParticleSystems":true},"in2DMode":false,"pivot":{"x":-0.18034672737121583,"y":1.728342890739441,"z":0.5996161699295044},"rotation":{"x":-0.1100655049085617,"y":0.5002093315124512,"z":-0.06428195536136627,"w":-0.856473445892334},"size":4.077239036560059,"orthographic":false}